"STATION","NAME","LATITUDE","LONGITUDE","ELEVATION","DATE","CDSD","CDSD_ATTRIBUTES","CLDD","CLDD_ATTRIBUTES","DP01","DP01_ATTRIBUTES","DP10","DP10_ATTRIBUTES","DSND","DSND_ATTRIBUTES","DT00","DT00_ATTRIBUTES","DT32","DT32_ATTRIBUTES","DX32","DX32_ATTRIBUTES","DX70","DX70_ATTRIBUTES","DX90","DX90_ATTRIBUTES","EMNT","EMNT_ATTRIBUTES","EMSD","EMSD_ATTRIBUTES","EMXP","EMXP_ATTRIBUTES","EMXT","EMXT_ATTRIBUTES","HDSD","HDSD_ATTRIBUTES","HTDD","HTDD_ATTRIBUTES","PRCP","PRCP_ATTRIBUTES","TAVG","TAVG_ATTRIBUTES","TMAX","TMAX_ATTRIBUTES","TMIN","TMIN_ATTRIBUTES"
"ITM00016219","TERMINILLO MOUNTAIN, IT","42.467","12.983","1875.0","2018-12",,,,,"21",",S","12",",S",,,,,,,,,,,,,,,,,"0.67",",,S,17,",,,,,,,"3.83",",,,S",,,,,,
"ITM00016219","TERMINILLO MOUNTAIN, IT","42.467","12.983","1875.0","2019-01",,,,,"27","1,S","18","1,S",,,,,,,,,,,,,,,,,"1.22","1,,S,24,",,,,,,,"7.56","1,,,S",,,,,,
"SZ000006717","COL DU GRAND ST BERNARD, SZ","45.8667","7.1667","2472.0","2018-01","0","E","0",",E","20",",E","17",",E",,,"0",",E","31",",E","25",",E","0",",E","0",",E","9",",E,17,",,,"5.56",",,E,03,","35",",E,29,","6636","E","1314",",E","33.03",",,,E","22.6",",E","27.1",",,,E","18.1",",,,E"
"SZ000006717","COL DU GRAND ST BERNARD, SZ","45.8667","7.1667","2472.0","2018-02","0","E","0",",E","16",",E","10",",E",,,"5",",E","28",",E","28",",E","0",",E","0",",E","-12",",E,27,",,,"0.82",",,E,11,","32",",E,16,","8117","E","1482",",E","3.64",",,,E","12.1",",E","17.1",",,,E","7.1",",,,E"
"SZ000006717","COL DU GRAND ST BERNARD, SZ","45.8667","7.1667","2472.0","2018-03","0","E","0",",E","25",",E","15",",E",,,"1",",E","31",",E","30",",E","0",",E","0",",E","-3",",E,01,",,,"0.72",",,E,02,","33",",E,28,","9552","E","1435",",E","7.14",",,,E","18.7",",E","23.0",",,,E","14.4",",,,E"
"SZ000006717","COL DU GRAND ST BERNARD, SZ","45.8667","7.1667","2472.0","2018-04","0","E","0",",E","13",",E","9",",E",,,"0",",E","21",",E","12",",E","0",",E","0",",E","15",",E,01,",,,"1.32",",,E,29,","46",",E,21,","10566","E","1014",",E","5.41",",,,E","31.2",",E","35.0",",,,E","27.4",",,,E"
"SZ000006717","COL DU GRAND ST BERNARD, SZ","45.8667","7.1667","2472.0","2018-05","0","E","0",",E","21",",E","15",",E",,,"0",",E","10",",E","1",",E","0",",E","0",",E","24",",E,14,",,,"0.90",",,E,27,","52",",E,26,","11433","E","867",",E","7.33",",,,E","37.0",",E","41.2",",,,E","32.9",",,,E"
"SZ000006717","COL DU GRAND ST BERNARD, SZ","45.8667","7.1667","2472.0","2018-06","0","E","0",",E","8",",E","5",",E",,,"0",",E","0",",E","0",",E","0",",E","0",",E","32",",E,14,",,,"1.32",",,E,12,","60",",E,30,","12047","E","614",",E","2.44",",,,E","44.5",",E","49.9",",,,E","39.2",",,,E"
"SZ000006717","COL DU GRAND ST BERNARD, SZ","45.8667","7.1667","2472.0","2018-07","0","E","0",",E","15",",E","10",",E",,,"0",",E","0",",E","0",",E","0",",E","0",",E","38",",E,11,",,,"1.06",",,E,02,","65",",E,01,","465","E","465",",E","3.93",",,,E","50.0",",E","56.0",",,,E","44.0",",,,E"
"SZ000006717","COL DU GRAND ST BERNARD, SZ","45.8667","7.1667","2472.0","2018-08","0","E","0",",E","20",",E","10",",E",,,"0",",E","2",",E","0",",E","0",",E","0",",E","27",",E,26,",,,"0.68",",,E,21,","63",",E,05,","944","E","479",",E","3.96",",,,E","49.5",",E","55.5",",,,E","43.6",",,,E"
"SZ000006717","COL DU GRAND ST BERNARD, SZ","45.8667","7.1667","2472.0","2018-09","0","E","0",",E","11",",E","4",",E",,,"0",",E","3",",E","0",",E","0",",E","0",",E","30",",E,24,",,,"1.06",",,E,23,","61",",E,11,","1530","E","586",",E","2.58",",,,E","45.5",",E","51.5",",,,E","39.5",",,,E"
"SZ000006717","COL DU GRAND ST BERNARD, SZ","45.8667","7.1667","2472.0","2018-10","0","E","0",",E","10",",E","9",",E",,,"0",",E","11",",E","2",",E","0",",E","0",",E","20",",E,02,",,,"3.73",",,E,29,","49",",E,25,","2406","E","876",",E","11.67",",,,E","36.7",",E","41.1",",,,E","32.4",",,,E"
"SZ000006717","COL DU GRAND ST BERNARD, SZ","45.8667","7.1667","2472.0","2018-11","0","E","0",",E","18",",E","13",",E",,,"0",",E","30",",E","21",",E","0",",E","0",",E","10",",E,19,",,,"2.08",",,E,06,","38",",E,16,","3579","E","1173",",E","9.33",",,,E","25.9",",E","28.8",",,,E","23.0",",,,E"
"SZ000006717","COL DU GRAND ST BERNARD, SZ","45.8667","7.1667","2472.0","2018-12","0","E","0",",E",,,,,,,"0",",E","31",",E","19",",E","0",",E","0",",E","4",",E,14,",,,,,"38",",E,07,","4845","E","1266",",E",,,"24.2",",E","29.1",",,,E","19.2",",,,E"
"SZ000006717","COL DU GRAND ST BERNARD, SZ","45.8667","7.1667","2472.0","2019-01","0",,"0",",E",,,,,,,"1",",E","31",",E","30",",E","0",",E","0",",E","-1",",E,10,",,,,,"33",",E,01,","6429",,"1584",",E",,,"13.9",",E","18.8",",,,E","9.0",",,,E"
"ITM00016420","MESSINA, IT","38.2","15.55","51.0","2018-01",,,,,"12","3,S","7","3,S",,,,,,,,,,,,,,,,,"1.38","3,,S,02,",,,,,,,"2.63","3,,,S",,,,,,
"ITM00016420","MESSINA, IT","38.2","15.55","51.0","2018-02",,,,,"20",",S","11",",S",,,,,,,,,,,,,,,,,"2.24",",,S,10,",,,,,,,"9.69",",,,S",,,,,,
"ITM00016420","MESSINA, IT","38.2","15.55","51.0","2018-03",,,,,"20",",S","12",",S",,,,,,,,,,,,,,,,,"1.29",",,S,22,",,,,,,,"5.98",",,,S",,,,,,
"ITM00016420","MESSINA, IT","38.2","15.55","51.0","2018-04",,,,,"4",",S","0",",S",,,,,,,"0","3,S","10","3,S","0","3,S",,,,,"0.08",",,S,16,","81","3,S,29,",,,,,"0.15",",,,S",,,"69.5","3,,,S",,
"ITM00016420","MESSINA, IT","38.2","15.55","51.0","2018-05",,,,,"5","1,S","3","1,S",,,,,,,,,,,,,,,,,"0.25","1,,S,15,",,,,,,,"0.74","1,,,S",,,,,,
"ITM00016420","MESSINA, IT","38.2","15.55","51.0","2018-06",,,,,"12",",S","7",",S",,,,,,,"0","5,S","25","5,S","0","5,S",,,,,"3.11",",,S,17,+","86","5,S,07,",,,,,"8.72",",,,S",,,"79.8","5,,,S",,
"ITM00016420","MESSINA, IT","38.2","15.55","51.0","2018-07",,,,,"1","1,S","0","1,S",,,,,,,"0","4,S","27","4,S","3","4,S",,,,,"0.04","1,,S,24,","91","4,S,21,",,,,,"0.04","1,,,S",,,"86.8","4,,,S",,
"ITM00016420","MESSINA, IT","38.2","15.55","51.0","2018-08",,,,,"9",",S","5",",S",,,,,,,"0","5,S","26","5,S","5","5,S",,,,,"0.39",",,S,27,","91","5,S,02,",,,,,"1.47",",,,S",,,"86.3","5,,,S",,
"ITM00016420","MESSINA, IT","38.2","15.55","51.0","2018-09",,,,,,,,,,,,,,,"0","5,S","25","5,S","0","5,S",,,,,,,"87","5,S,07,+",,,,,,,,,"82.8","5,,,S",,
"ITM00016420","MESSINA, IT","38.2","15.55","51.0","2018-10",,,,,"14","1,S","11","1,S",,,,,,,"0","3,S","26","3,S","0","3,S",,,,,"2.72","1,,S,28,","79","3,S,07,",,,,,"9.19","1,,,S",,,"74.5","3,,,S",,
"ITM00016420","MESSINA, IT","38.2","15.55","51.0","2018-12",,,,,"17",",S","10",",S",,,,,,,"0","4,S","0","4,S","0","4,S",,,,,"1.46",",,S,15,","67","4,S,07,",,,,,"6.33",",,,S",,,"62.0","4,,,S",,
"ITM00016420","MESSINA, IT","38.2","15.55","51.0","2019-01",,,,,"21",",S","13",",S",,,,,,,"0","5,S","0","5,S","0","5,S",,,,,"1.38",",,S,31,","61","5,S,28,",,,,,"7.00",",,,S",,,"56.1","5,,,S",,
"ITM00016245","PRATICA DI MARE, IT","41.659","12.445","12.5","2018-01",,,,,"9","4,S","4","4,S",,,,,,,"0","5,S","0","5,S","0","5,S",,,,,"0.49","4,,S,16,","69","5,S,08,",,,,,"1.74","4,,,S",,,"60.2","5,,,S",,
"ITM00016245","PRATICA DI MARE, IT","41.659","12.445","12.5","2018-02",,,,,"18",",S","12",",S",,,,,,,,,,,,,,,,,"1.14",",,S,07,",,,,,,,"4.55",",,,S",,,,,,
"ITM00016245","PRATICA DI MARE, IT","41.659","12.445","12.5","2018-03",,,,,"17","1,S","13","1,S",,,,,,,"0","3,S","0","3,S","0","3,S",,,,,"1.54","1,,S,06,","69","3,S,11,",,,,,"7.54","1,,,S",,,"60.2","3,,,S",,
"ITM00016245","PRATICA DI MARE, IT","41.659","12.445","12.5","2018-04",,,,,"7","1,S","3","1,S",,,,,,,,,,,,,,,,,"1.50","1,,S,09,",,,,,,,"1.84","1,,,S",,,,,,
"ITM00016245","PRATICA DI MARE, IT","41.659","12.445","12.5","2018-05",,,,,"15","3,S","8","3,S",,,,,,,,,,,,,,,,,"0.79","3,,S,03,",,,,,,,"2.82","3,,,S",,,,,,
"ITM00016245","PRATICA DI MARE, IT","41.659","12.445","12.5","2018-06",,,,,"5","3,S","0","3,S",,,,,,,"0","3,S","27","3,S","0","3,S",,,,,"0.07","3,,S,14,","90","3,S,19,",,,,,"0.21","3,,,S",,,"81.0","3,,,S",,
"ITM00016245","PRATICA DI MARE, IT","41.659","12.445","12.5","2018-09",,,,,,,,,,,,,,,"0","4,S","26","4,S","0","4,S",,,,,,,"84","4,S,12,",,,,,,,,,"79.9","4,,,S",,
"ITM00016245","PRATICA DI MARE, IT","41.659","12.445","12.5","2018-10",,,,,,,,,,,,,,,"0","5,S","23","5,S","0","5,S",,,,,,,"80","5,S,04,",,,,,,,,,"73.6","5,,,S",,
"ITM00016245","PRATICA DI MARE, IT","41.659","12.445","12.5","2018-12",,,,,,,,,,,,,,,"0","5,S","0","5,S","0","5,S",,,,,,,"65","5,S,04,",,,,,,,,,"58.4","5,,,S",,
"ITM00016245","PRATICA DI MARE, IT","41.659","12.445","12.5","2019-01",,,,,,,,,,,,,,,"0","5,S","0","5,S","0","5,S",,,,,,,"59","5,S,14,",,,,,,,,,"52.8","5,,,S",,
"ITM00016344","MONTE SCURO, IT","39.333","16.4","1677.0","2018-01",,,,,"12","1,S","7","1,S","31",",",,,,,,,,,,,,,"26",",,S,03,+","1.30","1,,S,21,",,,,,,,"3.92","1,,,S",,,,,,
"ITM00016344","MONTE SCURO, IT","39.333","16.4","1677.0","2018-02",,,,,"19",",S","16",",S","28",",",,,,,,,,,,,,,"83",",,S,28,","2.13",",,S,13,",,,,,,,"10.02",",,,S",,,,,,
"ITM00016344","MONTE SCURO, IT","39.333","16.4","1677.0","2018-03",,,,,"18","3,S","15","3,S","31",",",,,,,,,,,,,,,"81",",,S,01,","1.38","3,,S,21,",,,,,,,"8.75","3,,,S",,,,,,
"ITM00016344","MONTE SCURO, IT","39.333","16.4","1677.0","2018-04",,,,,"4","1,S","0","1,S",,,,,,,"0","2,S","0","2,S","0","2,S",,,,,"0.05","1,,S,16,","65","2,S,26,",,,,,"0.16","1,,,S",,,"56.2","2,,,S",,
"ITM00016344","MONTE SCURO, IT","39.333","16.4","1677.0","2018-05",,,,,"14","1,S","10","1,S",,,,,,,,,,,,,,,,,"0.43","1,,S,12,+",,,,,,,"2.79","1,,,S",,,,,,
"ITM00016344","MONTE SCURO, IT","39.333","16.4","1677.0","2018-06",,,,,"12",",S","8",",S",,,,,,,"0","4,S","2","4,S","0","4,S",,,,,"0.39",",,S,29,+","71","4,S,07,",,,,,"2.11",",,,S",,,"59.9","4,,,S",,
"ITM00016344","MONTE SCURO, IT","39.333","16.4","1677.0","2018-07",,,,,"7","2,S","1","2,S",,,,,,,,,,,,,,,,,"0.20","2,,S,31,",,,,,,,"0.35","2,,,S",,,,,,
"ITM00016344","MONTE SCURO, IT","39.333","16.4","1677.0","2018-08",,,,,"17","2,S","12","2,S",,,,,,,"0","4,S","2","4,S","0","4,S",,,,,"0.71","2,,S,03,","71","4,S,12,",,,,,"5.08","2,,,S",,,"65.1","4,,,S",,
"ITM00016344","MONTE SCURO, IT","39.333","16.4","1677.0","2018-10",,,,,"15","2,S","12","2,S",,,,,,,,,,,,,,,,,"1.58","2,,S,05,",,,,,,,"6.38","2,,,S",,,,,,
"ITM00016344","MONTE SCURO, IT","39.333","16.4","1677.0","2018-12",,,,,"17",",S","13",",S",,,,,,,,,,,,,,,,,"1.26",",,S,10,",,,,,,,"5.62",",,,S",,,,,,
"ITM00016344","MONTE SCURO, IT","39.333","16.4","1677.0","2019-01",,,,,"18",",S","13",",S","31",",",,,,,,,,,,,,,"49",",,S,14,","2.05",",,S,10,",,,,,,,"8.28",",,,S",,,,,,
"ITM00016360","SANTA MARIA DI LEUC, IT","39.817","18.35","112.0","2018-01",,,,,"8","1,S","4","1,S",,,,,,,"0","5,S","0","5,S","0","5,S",,,,,"0.94","1,,S,10,","60","5,S,17,",,,,,"2.37","1,,,S",,,"54.4","5,,,S",,
"ITM00016360","SANTA MARIA DI LEUC, IT","39.817","18.35","112.0","2018-02",,,,,"15","1,S","13","1,S",,,,,,,,,,,,,,,,,"2.80","1,,S,26,",,,,,,,"9.54","1,,,S",,,,,,
"ITM00016360","SANTA MARIA DI LEUC, IT","39.817","18.35","112.0","2018-03",,,,,"10",",S","4",",S",,,,,,,,,,,,,,,,,"0.55",",,S,25,",,,,,,,"1.55",",,,S",,,,,,
"ITM00016360","SANTA MARIA DI LEUC, IT","39.817","18.35","112.0","2018-04",,,,,"1",",S","0",",S",,,,,,,,,,,,,,,,,"0.01",",,S,12,",,,,,,,"0.01",",,,S",,,,,,
"ITM00016360","SANTA MARIA DI LEUC, IT","39.817","18.35","112.0","2018-05",,,,,"5","1,S","3","1,S",,,,,,,,,,,,,,,,,"0.98","1,,S,23,",,,,,,,"1.48","1,,,S",,,,,,
"ITM00016360","SANTA MARIA DI LEUC, IT","39.817","18.35","112.0","2018-06",,,,,"6",",S","3",",S",,,,,,,,,,,,,,,,,"3.31",",,S,26,",,,,,,,"5.67",",,,S",,,,,,
"ITM00016360","SANTA MARIA DI LEUC, IT","39.817","18.35","112.0","2018-07",,,,,"0","1,S","0","1,S",,,,,,,,,,,,,,,,,"0.00","1,,S,31,+",,,,,,,"0.00","1,,,S",,,,,,
"ITM00016360","SANTA MARIA DI LEUC, IT","39.817","18.35","112.0","2018-08",,,,,"4",",S","2",",S",,,,,,,,,,,,,,,,,"0.67",",,S,16,",,,,,,,"0.83",",,,S",,,,,,
"ITM00016360","SANTA MARIA DI LEUC, IT","39.817","18.35","112.0","2018-09",,,,,"1","4,S","0","4,S",,,,,,,,,,,,,,,,,"0.03","4,,S,05,",,,,,,,"0.03","4,,,S",,,,,,
"ITM00016360","SANTA MARIA DI LEUC, IT","39.817","18.35","112.0","2018-10",,,,,"6","3,S","3","3,S",,,,,,,,,,,,,,,,,"2.72","3,,S,22,",,,,,,,"4.46","3,,,S",,,,,,
"ITM00016360","SANTA MARIA DI LEUC, IT","39.817","18.35","112.0","2018-12",,,,,"12",",S","4",",S",,,,,,,,,,,,,,,,,"0.43",",,S,02,",,,,,,,"1.39",",,,S",,,,,,
"ITM00016360","SANTA MARIA DI LEUC, IT","39.817","18.35","112.0","2019-01",,,,,"13",",S","10",",S",,,,,,,,,,,,,,,,,"0.67",",,S,25,",,,,,,,"3.17",",,,S",,,,,,
"ITM00016088","GHEDI, IT","45.432","10.268","101.5","2018-01",,,,,"7","1,S","2","1,S",,,,,,,"0","2,S","0","2,S","0","2,S",,,,,"0.59","1,,S,01,","60","2,S,09,",,,,,"1.12","1,,,S",,,"49.9","2,,,S",,
"ITM00016088","GHEDI, IT","45.432","10.268","101.5","2018-02",,,,,"11",",S","5",",S",,,,,,,"0","5,S","0","5,S","0","5,S",,,,,"0.24",",,S,01,","54","5,S,24,",,,,,"1.13",",,,S",,,"45.8","5,,,S",,
"ITM00016088","GHEDI, IT","45.432","10.268","101.5","2018-03",,,,,"14","3,S","10","3,S",,,,,,,"1","5,S","0","5,S","0","5,S",,,,,"0.55","3,,S,17,","68","5,S,30,",,,,,"2.89","3,,,S",,,"53.3","5,,,S",,
"ITM00016088","GHEDI, IT","45.432","10.268","101.5","2018-04",,,,,"11","1,S","7","1,S",,,,,,,"0","4,S","14","4,S","0","4,S",,,,,"1.18","1,,S,12,","83","4,S,21,",,,,,"2.85","1,,,S",,,"72.2","4,,,S",,
"ITM00016088","GHEDI, IT","45.432","10.268","101.5","2018-05",,,,,"15","3,S","10","3,S",,,,,,,"0","4,S","21","4,S","0","4,S",,,,,"1.18","3,,S,09,","86","4,S,27,",,,,,"4.72","3,,,S",,,"74.6","4,,,S",,
"ITM00016088","GHEDI, IT","45.432","10.268","101.5","2018-06",,,,,"7",",S","3",",S",,,,,,,"0","1,S","29","1,S","2","1,S",,,,,"1.13",",,S,08,","92","1,S,30,",,,,,"1.97",",,,S",,,"84.2","1,,,S",,
"ITM00016088","GHEDI, IT","45.432","10.268","101.5","2018-07",,,"296","5,S","9","1,S","5","1,S",,,"0","3,S","0","3,S","0","3,S","28","3,S","13","3,S","58","3,S,21,",,,"1.61","1,,S,21,","94","3,S,31,","0","S","0","3,S","4.24","1,,,S","76.4","5,S","88.2","3,,,S","64.6","3,,,S"
"ITM00016088","GHEDI, IT","45.432","10.268","101.5","2018-08",,,,,"7",",S","4",",S",,,,,,,"0","2,S","29","2,S","15","2,S",,,,,"2.01",",,S,26,","98","2,S,01,",,,,,"4.17",",,,S",,,"88.6","2,,,S",,
"ITM00016088","GHEDI, IT","45.432","10.268","101.5","2018-09",,,,,"3","5,S","3","5,S",,,,,,,"0","4,S","23","4,S","0","4,S",,,,,"1.26","5,,S,01,","88","4,S,12,",,,,,"1.87","5,,,S",,,"80.8","4,,,S",,
"ITM00016088","GHEDI, IT","45.432","10.268","101.5","2018-10",,,,,"9","1,S","5","1,S",,,,,,,"0","2,S","17","2,S","0","2,S",,,,,"2.24","1,,S,29,","81","2,S,24,",,,,,"4.47","1,,,S",,,"70.9","2,,,S",,
"ITM00016088","GHEDI, IT","45.432","10.268","101.5","2018-12",,,,,"2","2,S","1","2,S",,,,,,,"1","3,S","0","3,S","0","3,S",,,,,"0.39","2,,S,20,","58","3,S,10,",,,,,"0.47","2,,,S",,,"44.7","3,,,S",,
"ITM00016088","GHEDI, IT","45.432","10.268","101.5","2019-01",,,,,"5","1,S","3","1,S",,,,,,,"0","2,S","0","2,S","0","2,S",,,,,"0.16","1,,S,27,","58","2,S,14,",,,,,"0.44","1,,,S",,,"44.7","2,,,S",,
"ITM00016280","PONZA ISLAND, IT","40.917","12.95","185.0","2018-01",,,,,,,,,,,,,,,"0","3,S","0","3,S","0","3,S",,,,,,,"60","3,S,08,+",,,,,,,,,"57.3","3,,,S",,
"ITM00016280","PONZA ISLAND, IT","40.917","12.95","185.0","2018-03",,,,,"14","2,S","7","2,S",,,,,,,,,,,,,,,,,"1.26","2,,S,05,",,,,,,,"3.06","2,,,S",,,,,,
"ITM00016280","PONZA ISLAND, IT","40.917","12.95","185.0","2018-05",,,,,,,,,,,,,,,"0","5,S","14","5,S","0","5,S",,,,,,,"80","5,S,27,",,,,,,,,,"71.1","5,,,S",,
"ITM00016280","PONZA ISLAND, IT","40.917","12.95","185.0","2018-06",,,,,,,,,,,,,,,"0","3,S","27","3,S","0","3,S",,,,,,,"86","3,S,20,",,,,,,,,,"79.5","3,,,S",,
"ITM00016280","PONZA ISLAND, IT","40.917","12.95","185.0","2018-08",,,,,,,,,,,,,,,"0","3,S","28","3,S","2","3,S",,,,,,,"92","3,S,04,",,,,,,,,,"85.7","3,,,S",,
"ITM00016280","PONZA ISLAND, IT","40.917","12.95","185.0","2018-10",,,,,"8","5,S","4","5,S",,,,,,,,,,,,,,,,,"1.22","5,,S,06,",,,,,,,"2.40","5,,,S",,,,,,
"ITM00016280","PONZA ISLAND, IT","40.917","12.95","185.0","2018-12",,,,,"8",",S","4",",S",,,,,,,,,,,,,,,,,"0.39",",,S,13,+",,,,,,,"1.42",",,,S",,,,,,
"ITM00016280","PONZA ISLAND, IT","40.917","12.95","185.0","2019-01",,,,,"16","1,S","11","1,S",,,,,,,,,,,,,,,,,"1.35","1,,S,22,",,,,,,,"5.78","1,,,S",,,,,,
"ITM00016480","COZZO SPADARO, IT","36.683","15.133","51.0","2018-02",,,,,"12","5,S","6","5,S",,,,,,,,,,,,,,,,,"0.43","5,,S,23,",,,,,,,"1.74","5,,,S",,,,,,
"ITM00016480","COZZO SPADARO, IT","36.683","15.133","51.0","2018-03",,,,,"13","5,S","4","5,S",,,,,,,,,,,,,,,,,"1.02","5,,S,22,",,,,,,,"1.81","5,,,S",,,,,,
"ITM00016480","COZZO SPADARO, IT","36.683","15.133","51.0","2018-04",,,,,"5","3,S","0","3,S",,,"0","5,S","0","5,S",,,,,,,"52","5,S,10,",,,"0.04","3,,S,11,",,,,,,,"0.10","3,,,S",,,,,"58.7","5,,,S"
"ITM00016480","COZZO SPADARO, IT","36.683","15.133","51.0","2018-05",,,,,"7","1,S","2","1,S",,,"0","2,S","0","2,S",,,,,,,"59","2,S,16,+",,,"0.24","1,,S,20,",,,,,,,"0.50","1,,,S",,,,,"63.2","2,,,S"
"ITM00016480","COZZO SPADARO, IT","36.683","15.133","51.0","2018-06",,,"228","5,S","3","1,S","1","1,S",,,"0","2,S","0","2,S","0","4,S","26","4,S","0","4,S","64","2,S,26,",,,"0.54","1,,S,25,","87","4,S,13,",,,"0","4,S","0.63","1,,,S","74.1","5,S","79.5","4,,,S","68.6","2,,,S"
"ITM00016480","COZZO SPADARO, IT","36.683","15.133","51.0","2018-07",,,"404","4,S","0","1,S","0","1,S",,,"0",",S","0",",S","0","4,S","27","4,S","1","4,S","69",",S,01,",,,"0.00","1,,S,31,+","94","4,S,23,","0","S","0","4,S","0.00","1,,,S","79.9","4,S","85.4","4,,,S","74.4",",,,S"
"ITM00016480","COZZO SPADARO, IT","36.683","15.133","51.0","2018-08",,,,,"4","4,S","4","4,S",,,"0","1,S","0","1,S",,,,,,,"71","1,S,28,+",,,"1.97","4,,S,22,",,,,,,,"3.26","4,,,S",,,,,"75.3","1,,,S"
"ITM00016480","COZZO SPADARO, IT","36.683","15.133","51.0","2018-09",,,,,"2","5,S","1","5,S",,,,,,,"0","4,S","25","4,S","0","4,S",,,,,"0.63","5,,S,21,","86","4,S,08,+",,,,,"0.71","5,,,S",,,"81.1","4,,,S",,
"ITM00016480","COZZO SPADARO, IT","36.683","15.133","51.0","2018-10",,,,,"11","5,S","9","5,S",,,,,,,,,,,,,,,,,"2.05","5,,S,14,",,,,,,,"6.09","5,,,S",,,,,,
"ITM00016480","COZZO SPADARO, IT","36.683","15.133","51.0","2018-12",,,,,"7",",S","2",",S",,,"0","5,S","0","5,S",,,,,,,"45","5,S,27,",,,"1.38",",,S,01,",,,,,,,"2.14",",,,S",,,,,"53.2","5,,,S"
"ITM00016480","COZZO SPADARO, IT","36.683","15.133","51.0","2019-01",,,,,"7","4,S","3","4,S",,,,,,,,,,,,,,,,,"0.20","4,,S,25,+",,,,,,,"0.73","4,,,S",,,,,,
"ITM00016061","TORINO BRIC CROCE, IT","45.033","7.733","710.0","2018-01",,,,,"6",",S","5",",S",,,,,,,,,,,,,,,,,"1.40",",,S,09,",,,,,,,"3.12",",,,S",,,,,,
"ITM00016061","TORINO BRIC CROCE, IT","45.033","7.733","710.0","2018-02",,,,,"10",",S","6",",S",,,,,,,,,,,,,,,,,"0.51",",,S,24,",,,,,,,"1.69",",,,S",,,,,,
"ITM00016061","TORINO BRIC CROCE, IT","45.033","7.733","710.0","2018-03",,,,,"11",",S","5",",S",,,,,,,,,,,,,,,,,"0.83",",,S,15,",,,,,,,"2.38",",,,S",,,,,,
"ITM00016061","TORINO BRIC CROCE, IT","45.033","7.733","710.0","2018-04",,,,,"7",",S","6",",S",,,,,,,,,,,,,,,,,"1.14",",,S,12,",,,,,,,"3.06",",,,S",,,,,,
"ITM00016061","TORINO BRIC CROCE, IT","45.033","7.733","710.0","2018-05",,,,,"21","1,S","16","1,S",,,,,,,,,,,,,,,,,"1.22","1,,S,02,",,,,,,,"6.51","1,,,S",,,,,,
"ITM00016061","TORINO BRIC CROCE, IT","45.033","7.733","710.0","2018-06",,,,,"9",",S","3",",S",,,,,,,,,,,,,,,,,"0.40",",,S,04,",,,,,,,"0.90",",,,S",,,,,,
"ITM00016061","TORINO BRIC CROCE, IT","45.033","7.733","710.0","2018-07",,,,,"13","1,S","8","1,S",,,,,,,,,,,,,,,,,"1.00","1,,S,05,",,,,,,,"4.78","1,,,S",,,,,,
"ITM00016061","TORINO BRIC CROCE, IT","45.033","7.733","710.0","2018-08",,,,,"5",",S","4",",S",,,,,,,,,,,,,,,,,"0.87",",,S,21,",,,,,,,"1.59",",,,S",,,,,,
"ITM00016061","TORINO BRIC CROCE, IT","45.033","7.733","710.0","2018-09",,,,,"5","4,S","4","4,S",,,,,,,,,,,,,,,,,"0.67","4,,S,03,",,,,,,,"1.60","4,,,S",,,,,,
"ITM00016061","TORINO BRIC CROCE, IT","45.033","7.733","710.0","2018-10",,,,,"12","1,S","9","1,S",,,,,,,,,,,,,,,,,"2.05","1,,S,11,",,,,,,,"5.66","1,,,S",,,,,,
"ITM00016061","TORINO BRIC CROCE, IT","45.033","7.733","710.0","2018-12",,,,,"3",",S","0",",S",,,,,,,,,,,,,,,,,"0.08",",,S,20,",,,,,,,"0.14",",,,S",,,,,,
"ITM00016061","TORINO BRIC CROCE, IT","45.033","7.733","710.0","2019-01",,,,,"2",",S","0",",S",,,,,,,,,,,,,,,,,"0.08",",,S,24,",,,,,,,"0.10",",,,S",,,,,,
"IT000162240","VIGNA DI VALLE, IT","42.0828","12.2167","266.0","2018-02",,,,,"14","4,S","8","4,S",,,,,,,,,,,,,,,,,"0.91","4,,S,23,",,,,,,,"3.35","4,,,S",,,,,,
"IT000162240","VIGNA DI VALLE, IT","42.0828","12.2167","266.0","2018-05",,,,,"10","5,S","6","5,S",,,,,,,"0","5,S","19","5,S","0","5,S",,,,,"0.43","5,,S,15,","84","5,S,30,",,,,,"1.57","5,,,S",,,"72.6","5,,,S",,
"IT000162240","VIGNA DI VALLE, IT","42.0828","12.2167","266.0","2018-06",,,,,"2","2,S","0","2,S",,,,,,,"0","2,S","28","2,S","0","2,S",,,,,"0.02","2,,S,08,","90","2,S,30,",,,,,"0.03","2,,,S",,,"81.3","2,,,S",,
"IT000162240","VIGNA DI VALLE, IT","42.0828","12.2167","266.0","2018-07",,,,,"1","3,S","0","3,S",,,,,,,"0","5,S","26","5,S","5","5,S",,,,,"0.02","3,,S,27,","97","5,S,31,",,,,,"0.02","3,,,S",,,"88.1","5,,,S",,
"IT000162240","VIGNA DI VALLE, IT","42.0828","12.2167","266.0","2018-10",,,,,"14","3,S","8","3,S",,,,,,,"0","4,S","21","4,S","0","4,S",,,,,"3.66","3,,S,06,","79","4,S,04,",,,,,"6.74","3,,,S",,,"72.3","4,,,S",,
"IT000162240","VIGNA DI VALLE, IT","42.0828","12.2167","266.0","2018-12",,,,,"10","2,S","3","2,S",,,,,,,"0","4,S","0","4,S","0","4,S",,,,,"1.85","2,,S,17,","65","4,S,04,",,,,,"4.54","2,,,S",,,"55.2","4,,,S",,
"IT000162240","VIGNA DI VALLE, IT","42.0828","12.2167","266.0","2019-01",,,,,"13","2,S","12","2,S",,,,,,,,,,,,,,,,,"0.91","2,,S,22,",,,,,,,"4.21","2,,,S",,,,,,
"IT000162580","MONTE S. ANGELO, IT","41.7","15.95","844.0","2018-01",,,,,"9",",S","5",",S",,,,,,,"0","4,S","0","4,S","0","4,S",,,,,"0.63",",,S,10,","53","4,S,07,",,,,,"1.98",",,,S",,,"47.0","4,,,S",,
"IT000162580","MONTE S. ANGELO, IT","41.7","15.95","844.0","2018-02",,,,,"10","2,S","5","2,S",,,,,,,"3","2,S","0","2,S","0","2,S",,,,,"0.40","2,,S,21,","53","2,S,02,",,,,,"1.21","2,,,S",,,"40.9","2,,,S",,
"IT000162580","MONTE S. ANGELO, IT","41.7","15.95","844.0","2018-03",,,,,"9","4,S","7","4,S",,,,,,,,,,,,,,,,,"0.47","4,,S,05,",,,,,,,"1.92","4,,,S",,,,,,
"IT000162580","MONTE S. ANGELO, IT","41.7","15.95","844.0","2018-04",,,,,"2","4,S","0","4,S",,,,,,,"0","2,S","7","2,S","0","2,S",,,,,"0.08","4,,S,09,+","72","2,S,30,",,,,,"0.16","4,,,S",,,"62.0","2,,,S",,
"IT000162580","MONTE S. ANGELO, IT","41.7","15.95","844.0","2018-05",,,,,"6","2,S","5","2,S",,,,,,,"0","4,S","7","4,S","0","4,S",,,,,"0.87","2,,S,23,","75","4,S,30,",,,,,"2.15","2,,,S",,,"66.2","4,,,S",,
"IT000162580","MONTE S. ANGELO, IT","41.7","15.95","844.0","2018-06",,,,,"14",",S","4",",S",,,,,,,"0","1,S","16","1,S","0","1,S",,,,,"1.93",",,S,15,","80","1,S,11,",,,,,"4.40",",,,S",,,"69.8","1,,,S",,
"IT000162580","MONTE S. ANGELO, IT","41.7","15.95","844.0","2018-07",,,,,"4","2,S","2","2,S",,,,,,,"0","1,S","27","1,S","0","1,S",,,,,"0.43","2,,S,23,","84","1,S,16,",,,,,"0.76","2,,,S",,,"76.6","1,,,S",,
"IT000162580","MONTE S. ANGELO, IT","41.7","15.95","844.0","2018-08",,,,,"7","1,S","6","1,S",,,,,,,"0","1,S","28","1,S","0","1,S",,,,,"1.26","1,,S,15,","85","1,S,10,",,,,,"2.32","1,,,S",,,"77.5","1,,,S",,
"IT000162580","MONTE S. ANGELO, IT","41.7","15.95","844.0","2018-09",,,,,"4","4,S","1","4,S",,,,,,,"0","4,S","18","4,S","0","4,S",,,,,"0.10","4,,S,19,","80","4,S,11,",,,,,"0.23","4,,,S",,,"70.6","4,,,S",,
"IT000162580","MONTE S. ANGELO, IT","41.7","15.95","844.0","2018-10",,,,,"10","2,S","6","2,S",,,"0","3,S","0","3,S",,,,,,,"46","3,S,22,",,,"1.77","2,,S,22,",,,,,,,"2.76","2,,,S",,,,,"53.4","3,,,S"
"IT000162580","MONTE S. ANGELO, IT","41.7","15.95","844.0","2018-12",,,,,,,,,,,,,,,"0","5,S","0","5,S","0","5,S",,,,,,,"58","5,S,23,",,,,,,,,,"46.8","5,,,S",,
"IT000162580","MONTE S. ANGELO, IT","41.7","15.95","844.0","2019-01",,,,,"15","4,S","3","4,S",,,,,,,"0","4,S","0","4,S","0","4,S",,,,,"0.20","4,,S,06,","49","4,S,16,",,,,,"0.85","4,,,S",,,"41.2","4,,,S",,
"SIE00115106","BILJE, SI","45.9","13.6","55.0","2018-01","0","E","0",",E","11",",E","5",",E",,,"0",",E","11",",E","0",",E","0",",E","0",",E","24",",E,18,",,,"1.30",",,E,09,","60",",E,09,","2361","E","688",",E","3.90",",,,E","42.8",",E","50.4",",,,E","35.3",",,,E"
"SIE00115106","BILJE, SI","45.9","13.6","55.0","2018-02","0","E","0","1,E","6",",E","5",",E",,,"0","1,E","16","1,E","2","1,E","0","1,E","0","1,E","18","1,E,28,",,,"1.25",",,E,01,","54","1,E,17,","3096","E","735","1,E","3.27",",,,E","37.8","1,E","45.0","1,,,E","30.5","1,,,E"
"SIE00115106","BILJE, SI","45.9","13.6","55.0","2018-03","0","E","0","1,E","18",",E","13",",E",,,"0","1,E","6","1,E","1","1,E","0","1,E","0","1,E","26","1,E,01,",,,"1.35",",,E,11,","64","1,E,30,","3689","E","593","1,E","6.33",",,,E","45.2","1,E","52.4","1,,,E","38.1","1,,,E"
"SIE00115106","BILJE, SI","45.9","13.6","55.0","2018-04","6","E","6","5,E","11",",E","7",",E",,,"0","5,E","0","5,E","0","5,E","14","5,E","0","5,E","35","5,E,02,",,,"1.26",",,E,12,","85","5,E,20,","3818","E","129","5,E","3.35",",,,E","60.1","5,E","71.1","5,,,E","49.0","5,,,E"
"SIE00115106","BILJE, SI","45.9","13.6","55.0","2018-05","100","E","94",",E","14",",E","7",",E",,,"0",",E","0",",E","0",",E","27",",E","0",",E","45",",E,01,",,,"0.64",",,E,18,+","87",",E,30,","3851","E","33",",E","3.28",",,,E","67.0",",E","78.3",",,,E","55.6",",,,E"
"SIE00115106","BILJE, SI","45.9","13.6","55.0","2018-06","282","E","182",",E","12",",E","8",",E",,,"0",",E","0",",E","0",",E","30",",E","0",",E","48",",E,23,",,,"1.06",",,E,12,","89",",E,20,+","3854","E","3",",E","4.39",",,,E","71.0",",E","82.6",",,,E","59.3",",,,E"
"SIE00115106","BILJE, SI","45.9","13.6","55.0","2018-07","579","E","297","2,E","16",",E","8",",E",,,"0","2,E","0","2,E","0","2,E","29","2,E","7","2,E","59","2,E,24,",,,"0.72",",,E,10,","96","2,E,31,","0","E","0","2,E","2.61",",,,E","75.3","2,E","87.3","2,,,E","63.2","2,,,E"
"SIE00115106","BILJE, SI","45.9","13.6","55.0","2018-08","947","E","367",",E","10",",E","7",",E",,,"0",",E","0",",E","0",",E","30",",E","20",",E","48",",E,27,",,,"2.24",",,E,31,","98",",E,01,","4","E","4",",E","5.33",",,,E","76.7",",E","89.9",",,,E","63.5",",,,E"
"SIE00115106","BILJE, SI","45.9","13.6","55.0","2018-09","1086","E","139",",E","4",",E","4",",E",,,"0",",E","0",",E","0",",E","27",",E","0",",E","39",",E,27,",,,"0.31",",,E,19,","88",",E,13,","41","E","36",",E","0.83",",,,E","68.4",",E","80.5",",,,E","56.4",",,,E"
"SIE00115106","BILJE, SI","45.9","13.6","55.0","2018-10","1089","E","3",",E","10",",E","5",",E",,,"0",",E","0",",E","0",",E","17",",E","0",",E","37",",E,22,",,,"0.71",",,E,28,","79",",E,11,","199","E","158",",E","2.76",",,,E","60.0",",E","70.7",",,,E","49.3",",,,E"
"SIE00115106","BILJE, SI","45.9","13.6","55.0","2018-11","1089","E","0","1,E","12",",E","8",",E",,,"0","1,E","1","1,E","0","1,E","2","1,E","0","1,E","31","1,E,18,",,,"1.61",",,E,01,","72","1,E,04,","564","E","365","1,E","6.38",",,,E","52.4","1,E","58.3","1,,,E","46.5","1,,,E"
"SIE00115106","BILJE, SI","45.9","13.6","55.0","2018-12","1089","E","0",",E","9",",E","3",",E",,,"0",",E","17",",E","0",",E","0",",E","0",",E","19",",E,16,",,,"0.60",",,E,07,","56",",E,09,+","1327","E","763",",E","1.15",",,,E","40.4",",E","49.2",",,,E","31.6",",,,E"
"SIE00115106","BILJE, SI","45.9","13.6","55.0","2019-01","0",,"0",",E","8",",E","4",",E",,,"0",",E","25",",E","0",",E","0",",E","0",",E","18",",E,03,",,,"0.82",",,E,27,","55",",E,14,","2197",,"870",",E","2.11",",,,E","36.9",",E","46.1",",,,E","27.7",",,,E"
"IT000016239","ROMA CIAMPINO, IT","41.7831","12.5831","105.0","2018-06",,,,,,,,,,,,,,,"0","5,S","25","5,S","0","5,S",,,,,,,"88","5,S,30,",,,,,,,,,"82.6","5,,,S",,
"IT000016239","ROMA CIAMPINO, IT","41.7831","12.5831","105.0","2018-07",,,,,,,,,,,,,,,"0","5,S","26","5,S","12","5,S",,,,,,,"95","5,S,31,",,,,,,,,,"89.7","5,,,S",,
"IT000016239","ROMA CIAMPINO, IT","41.7831","12.5831","105.0","2018-08",,,,,,,,,,,,,,,"0","4,S","27","4,S","9","4,S",,,,,,,"96","4,S,01,",,,,,,,,,"87.4","4,,,S",,
"ITM00016429","TRAPANI BIRGI, IT","37.911","12.488","7.3","2018-01",,,,,"6",",S","3",",S",,,,,,,"0","1,S","0","1,S","0","1,S",,,,,"0.35",",,S,12,","67","1,S,08,",,,,,"0.78",",,,S",,,"60.9","1,,,S",,
"ITM00016429","TRAPANI BIRGI, IT","37.911","12.488","7.3","2018-02",,,,,"24",",S","12",",S",,,,,,,"0","2,S","0","2,S","0","2,S",,,,,"1.61",",,S,06,","63","2,S,02,",,,,,"5.86",",,,S",,,"56.9","2,,,S",,
"ITM00016429","TRAPANI BIRGI, IT","37.911","12.488","7.3","2018-03",,,,,"13","2,S","5","2,S",,,,,,,"0","4,S","2","4,S","0","4,S",,,,,"0.75","2,,S,25,","72","4,S,30,",,,,,"2.31","2,,,S",,,"62.6","4,,,S",,
"ITM00016429","TRAPANI BIRGI, IT","37.911","12.488","7.3","2018-04",,,,,"5","1,S","1","1,S",,,,,,,"0","3,S","15","3,S","0","3,S",,,,,"0.43","1,,S,09,","81","3,S,29,",,,,,"0.48","1,,,S",,,"70.2","3,,,S",,
"ITM00016429","TRAPANI BIRGI, IT","37.911","12.488","7.3","2018-05",,,,,"8","1,S","2","1,S",,,,,,,"0","1,S","19","1,S","0","1,S",,,,,"0.35","1,,S,03,","88","1,S,28,",,,,,"0.81","1,,,S",,,"73.1","1,,,S",,
"ITM00016429","TRAPANI BIRGI, IT","37.911","12.488","7.3","2018-06",,,,,"6",",S","2",",S",,,,,,,"0","2,S","28","2,S","1","2,S",,,,,"0.83",",,S,14,","93","2,S,03,",,,,,"1.02",",,,S",,,"81.4","2,,,S",,
"ITM00016429","TRAPANI BIRGI, IT","37.911","12.488","7.3","2018-07",,,,,"0","1,S","0","1,S",,,,,,,"0","2,S","29","2,S","11","2,S",,,,,"0.00","1,,S,31,+","99","2,S,21,",,,,,"0.00","1,,,S",,,"88.4","2,,,S",,
"ITM00016429","TRAPANI BIRGI, IT","37.911","12.488","7.3","2018-08",,,,,"6",",S","4",",S",,,"0","5,S","0","5,S","0","5,S","26","5,S","2","5,S","66","5,S,31,+",,,"0.20",",,S,19,+","95","5,S,07,",,,,,"0.71",",,,S","78.9","9,S","86.4","5,,,S","71.4","5,,,S"
"ITM00016429","TRAPANI BIRGI, IT","37.911","12.488","7.3","2018-10",,,,,"9","2,S","5","2,S",,,,,,,"0","3,S","25","3,S","0","3,S",,,,,"0.91","2,,S,18,","81","3,S,09,",,,,,"2.02","2,,,S",,,"75.1","3,,,S",,
"ITM00016429","TRAPANI BIRGI, IT","37.911","12.488","7.3","2018-12",,,,,"9","1,S","2","1,S",,,,,,,"0","2,S","0","2,S","0","2,S",,,,,"0.20","1,,S,15,","68","2,S,07,",,,,,"0.55","1,,,S",,,"62.0","2,,,S",,
"ITM00016429","TRAPANI BIRGI, IT","37.911","12.488","7.3","2019-01",,,,,"20",",S","9",",S",,,,,,,"0","4,S","0","4,S","0","4,S",,,,,"0.51",",,S,24,","61","4,S,18,",,,,,"2.68",",,,S",,,"56.1","4,,,S",,
"ITM00016149","RIMINI, IT","44.02","12.612","12.5","2018-01",,,,,"8","3,S","2","3,S",,,,,,,"0","2,S","0","2,S","0","2,S",,,,,"0.31","3,,S,02,","63","2,S,06,",,,,,"0.67","3,,,S",,,"53.3","2,,,S",,
"ITM00016149","RIMINI, IT","44.02","12.612","12.5","2018-02",,,,,"18","1,S","9","1,S",,,,,,,,,,,,,,,,,"2.72","1,,S,23,",,,,,,,"8.51","1,,,S",,,,,,
"ITM00016149","RIMINI, IT","44.02","12.612","12.5","2018-03",,,,,"16",",S","10",",S",,,,,,,"0","3,S","0","3,S","0","3,S",,,,,"0.75",",,S,05,","70","3,S,30,",,,,,"3.40",",,,S",,,"55.0","3,,,S",,
"ITM00016149","RIMINI, IT","44.02","12.612","12.5","2018-04",,,,,"10",",S","4",",S",,,,,,,"0","1,S","11","1,S","0","1,S",,,,,"0.20",",,S,04,","78","1,S,26,",,,,,"0.69",",,,S",,,"67.6","1,,,S",,
"ITM00016149","RIMINI, IT","44.02","12.612","12.5","2018-05",,,,,"8","1,S","6","1,S",,,,,,,"0","4,S","23","4,S","0","4,S",,,,,"0.69","1,,S,03,","82","4,S,31,",,,,,"2.21","1,,,S",,,"74.1","4,,,S",,
"ITM00016149","RIMINI, IT","44.02","12.612","12.5","2018-06",,,,,"6",",S","5",",S",,,,,,,"0","1,S","29","1,S","1","1,S",,,,,"1.85",",,S,22,","90","1,S,12,",,,,,"3.45",",,,S",,,"82.0","1,,,S",,
"ITM00016149","RIMINI, IT","44.02","12.612","12.5","2018-07",,,,,"7","1,S","4","1,S",,,,,,,,,,,,,,,,,"2.09","1,,S,17,",,,,,,,"4.15","1,,,S",,,,,,
"ITM00016149","RIMINI, IT","44.02","12.612","12.5","2018-08",,,,,"5","3,S","2","3,S",,,,,,,,,,,,,,,,,"0.47","3,,S,25,",,,,,,,"0.83","3,,,S",,,,,,
"ITM00016149","RIMINI, IT","44.02","12.612","12.5","2018-09",,,,,"5","5,S","3","5,S",,,,,,,,,,,,,,,,,"0.75","5,,S,01,",,,,,,,"1.83","5,,,S",,,,,,
"ITM00016149","RIMINI, IT","44.02","12.612","12.5","2018-10",,,,,"14","2,S","6","2,S",,,,,,,,,,,,,,,,,"1.81","2,,S,17,",,,,,,,"4.16","2,,,S",,,,,,
"ITM00016149","RIMINI, IT","44.02","12.612","12.5","2018-12",,,,,"9",",S","3",",S",,,,,,,,,,,,,,,,,"0.79",",,S,17,",,,,,,,"1.46",",,,S",,,,,,
"ITM00016149","RIMINI, IT","44.02","12.612","12.5","2019-01",,,,,"11","4,S","6","4,S",,,,,,,,,,,,,,,,,"0.64","4,,S,24,",,,,,,,"1.83","4,,,S",,,,,,
"ITM00016325","MARINA DI GINOSA, IT","40.433","16.883","12.0","2018-01",,,,,"6","2,S","4","2,S",,,,,,,,,,,,,,,,,"0.63","2,,S,12,",,,,,,,"1.44","2,,,S",,,,,,
"ITM00016325","MARINA DI GINOSA, IT","40.433","16.883","12.0","2018-02",,,,,"10","3,S","6","3,S",,,,,,,"0","4,S","0","4,S","0","4,S",,,,,"0.28","3,,S,13,","63","4,S,02,",,,,,"1.32","3,,,S",,,"55.2","4,,,S",,
"ITM00016325","MARINA DI GINOSA, IT","40.433","16.883","12.0","2018-03",,,,,"8","5,S","5","5,S",,,,,,,"0","4,S","0","4,S","0","4,S",,,,,"0.87","5,,S,22,","68","4,S,17,+",,,,,"1.79","5,,,S",,,"62.0","4,,,S",,
"ITM00016325","MARINA DI GINOSA, IT","40.433","16.883","12.0","2018-04",,,,,"3",",S","0",",S",,,,,,,"0","1,S","19","1,S","0","1,S",,,,,"0.04",",,S,16,+","84","1,S,29,",,,,,"0.10",",,,S",,,"73.0","1,,,S",,
"ITM00016325","MARINA DI GINOSA, IT","40.433","16.883","12.0","2018-05",,,,,"7","1,S","5","1,S",,,,,,,"0","2,S","28","2,S","1","2,S",,,,,"0.39","1,,S,18,","91","2,S,26,",,,,,"1.38","1,,,S",,,"80.3","2,,,S",,
"ITM00016325","MARINA DI GINOSA, IT","40.433","16.883","12.0","2018-06",,,,,"11",",S","5",",S",,,,,,,"0","1,S","29","1,S","8","1,S",,,,,"0.39",",,S,14,","93","1,S,01,",,,,,"1.83",",,,S",,,"86.7","1,,,S",,
"ITM00016325","MARINA DI GINOSA, IT","40.433","16.883","12.0","2018-07",,,,,"4","1,S","2","1,S",,,,,,,"0","3,S","28","3,S","23","3,S",,,,,"1.10","1,,S,23,","102","3,S,22,",,,,,"1.42","1,,,S",,,"93.9","3,,,S",,
"ITM00016325","MARINA DI GINOSA, IT","40.433","16.883","12.0","2018-08",,,"434","5,S","6",",S","4",",S",,,"0","3,S","0","3,S","0","3,S","28","3,S","26","3,S","67","3,S,27,",,,"0.39",",,S,16,","99","3,S,01,",,,"0","3,S","1.08",",,,S","81.7","5,S","92.9","3,,,S","70.5","3,,,S"
"ITM00016325","MARINA DI GINOSA, IT","40.433","16.883","12.0","2018-09",,,,,"2","5,S","2","5,S",,,,,,,"0","4,S","26","4,S","11","4,S",,,,,"0.31","5,,S,05,","92","4,S,12,+",,,,,"0.47","5,,,S",,,"87.3","4,,,S",,
"ITM00016325","MARINA DI GINOSA, IT","40.433","16.883","12.0","2018-10",,,,,,,,,,,,,,,"0","3,S","27","3,S","0","3,S",,,,,,,"81","3,S,02,",,,,,,,,,"76.5","3,,,S",,
"ITM00016325","MARINA DI GINOSA, IT","40.433","16.883","12.0","2018-12",,,,,"11","2,S","2","2,S",,,,,,,,,,,,,,,,,"0.43","2,,S,13,",,,,,,,"0.89","2,,,S",,,,,,
"ITM00016325","MARINA DI GINOSA, IT","40.433","16.883","12.0","2019-01",,,,,"13","2,S","7","2,S",,,,,,,"0","5,S","0","5,S","0","5,S",,,,,"0.67","2,,S,10,","61","5,S,28,+",,,,,"2.33","2,,,S",,,"54.4","5,,,S",,
"IT000016134","MONTE CIMONE, IT","44.2","10.7","2165.0","2018-01",,,,,"6","1,S","0","1,S","31",",",,,,,,,,,,,,,"27",",,S,23,+","0.08","1,,S,01,",,,,,,,"0.27","1,,,S",,,,,,
"IT000016134","MONTE CIMONE, IT","44.2","10.7","2165.0","2018-02",,,,,"13","1,S","3","1,S","28",",",,,,,,,,,,,,,"32",",,S,28,+","0.16","1,,S,23,",,,,,,,"0.94","1,,,S",,,,,,
"IT000016134","MONTE CIMONE, IT","44.2","10.7","2165.0","2018-03",,,,,"13","1,S","7","1,S","31",",",,,,,,,,,,,,,"46",",,S,19,","0.36","1,,S,07,",,,,,,,"1.57","1,,,S",,,,,,
"IT000016134","MONTE CIMONE, IT","44.2","10.7","2165.0","2018-04",,,,,"9",",S","2",",S","30",",",,,,,,,,,,,,,"44",",,S,01,","0.15",",,S,12,",,,,,,,"0.49",",,,S",,,,,,
"IT000016134","MONTE CIMONE, IT","44.2","10.7","2165.0","2018-08",,,,,"10","1,S","6","1,S",,,,,,,,,,,,,,,,,"0.67","1,,S,02,",,,,,,,"1.91","1,,,S",,,,,,
"IT000016134","MONTE CIMONE, IT","44.2","10.7","2165.0","2018-09",,,,,"8","5,S","3","5,S",,,,,,,,,,,,,,,,,"0.55","5,,S,01,",,,,,,,"1.14","5,,,S",,,,,,
"IT000016134","MONTE CIMONE, IT","44.2","10.7","2165.0","2018-10",,,,,"15","1,S","8","1,S",,,,,,,,,,,,,,,,,"0.51","1,,S,01,",,,,,,,"2.04","1,,,S",,,,,,
"IT000160220","PAGANELLA, IT","46.15","11.0331","2125.0","2018-01",,,,,"4","2,S","2","2,S","31",",",,,,,,,,,,,,,"45",",,S,11,+","0.59","2,,S,09,",,,,,,,"0.78","2,,,S",,,,,,
"IT000160220","PAGANELLA, IT","46.15","11.0331","2125.0","2018-02",,,,,"6","2,S","1","2,S","28",",",,,,,,,,,,,,,"43",",,S,13,+","0.16","2,,S,09,",,,,,,,"0.39","2,,,S",,,,,,
"IT000160220","PAGANELLA, IT","46.15","11.0331","2125.0","2018-03",,,,,"14","4,S","8","4,S","31",",",,,,,"23","5,S","0","5,S","0","5,S",,,"69",",,S,20,","0.28","4,,S,11,","33","5,S,13,",,,,,"1.70","4,,,S",,,"27.9","5,,,S",,
"IT000160220","PAGANELLA, IT","46.15","11.0331","2125.0","2018-04",,,,,"9","3,S","4","3,S","30",",",,,,,,,,,,,,,"77",",,S,13,","0.96","3,,S,11,",,,,,,,"2.04","3,,,S",,,,,,
"IT000160220","PAGANELLA, IT","46.15","11.0331","2125.0","2018-05",,,,,"22","2,S","11","2,S",,,,,,,"0","2,S","0","2,S","0","2,S",,,,,"0.39","2,,S,02,","59","2,S,30,",,,,,"3.17","2,,,S",,,"48.0","2,,,S",,
"IT000160220","PAGANELLA, IT","46.15","11.0331","2125.0","2018-06",,,,,"13",",S","4",",S",,,,,,,,,,,,,,,,,"0.47",",,S,08,",,,,,,,"1.63",",,,S",,,,,,
"IT000160220","PAGANELLA, IT","46.15","11.0331","2125.0","2018-07",,,,,"14","2,S","10","2,S",,,,,,,,,,,,,,,,,"1.26","2,,S,11,",,,,,,,"5.22","2,,,S",,,,,,
"IT000160220","PAGANELLA, IT","46.15","11.0331","2125.0","2018-08",,,,,"11","4,S","6","4,S",,,,,,,,,,,,,,,,,"1.18","4,,S,26,",,,,,,,"3.94","4,,,S",,,,,,
"IT000160220","PAGANELLA, IT","46.15","11.0331","2125.0","2018-10",,,,,"8","3,S","5","3,S",,,,,,,"1","4,S","0","4,S","0","4,S",,,,,"3.19","3,,S,28,","54","4,S,24,",,,,,"7.48","3,,,S",,,"46.6","4,,,S",,
"IT000160220","PAGANELLA, IT","46.15","11.0331","2125.0","2018-12",,,,,"3","1,S","0","1,S","31",",",,,,,,,,,,,,,"8",",,S,21,+","0.04","1,,S,06,",,,,,,,"0.06","1,,,S",,,,,,
"IT000160220","PAGANELLA, IT","46.15","11.0331","2125.0","2019-01",,,,,"4","5,S","1","5,S","31",",",,,,,,,,,,,,,"10",",,S,31,","0.16","5,,S,18,",,,,,,,"0.26","5,,,S",,,,,,
"ITM00016148","CERVIA, IT","44.224","12.307","5.5","2018-01",,,,,"8","1,S","2","1,S",,,,,,,"0","4,S","0","4,S","0","4,S",,,,,"0.20","1,,S,02,+","57","4,S,10,",,,,,"0.58","1,,,S",,,"49.7","4,,,S",,
"ITM00016148","CERVIA, IT","44.224","12.307","5.5","2018-02",,,,,"17","1,S","11","1,S",,,,,,,"1","3,S","0","3,S","0","3,S",,,,,"1.81","1,,S,03,","59","3,S,01,",,,,,"8.48","1,,,S",,,"45.1","3,,,S",,
"ITM00016148","CERVIA, IT","44.224","12.307","5.5","2018-03",,,,,"16","2,S","9","2,S",,,,,,,,,,,,,,,,,"0.67","2,,S,05,",,,,,,,"2.77","2,,,S",,,,,,
"ITM00016148","CERVIA, IT","44.224","12.307","5.5","2018-04",,,,,"8",",S","2",",S",,,,,,,"0","1,S","10","1,S","0","1,S",,,,,"0.34",",,S,04,","77","1,S,25,+",,,,,"0.70",",,,S",,,"67.3","1,,,S",,
"ITM00016148","CERVIA, IT","44.224","12.307","5.5","2018-05",,,,,"15","2,S","6","2,S",,,,,,,"0","1,S","24","1,S","0","1,S",,,,,"0.67","2,,S,22,","83","1,S,31,",,,,,"2.26","2,,,S",,,"73.7","1,,,S",,
"ITM00016148","CERVIA, IT","44.224","12.307","5.5","2018-06",,,,,"6",",S","4",",S",,,,,,,"0",",S","30",",S","0",",S",,,,,"2.05",",,S,14,","88",",S,12,",,,,,"2.78",",,,S",,,"81.5",",,,S",,
"ITM00016148","CERVIA, IT","44.224","12.307","5.5","2018-07",,,,,"8","3,S","3","3,S",,,"0","5,S","0","5,S","0","2,S","29","2,S","1","2,S","63","5,S,07,",,,"0.71","3,,S,05,","94","2,S,31,",,,,,"1.09","3,,,S","75.8","7,S","85.4","2,,,S","66.3","5,,,S"
"ITM00016148","CERVIA, IT","44.224","12.307","5.5","2018-08",,,,,"4",",S","2",",S",,,,,,,"0","3,S","28","3,S","5","3,S",,,,,"0.55",",,S,15,","93","3,S,01,",,,,,"1.03",",,,S",,,"87.0","3,,,S",,
"ITM00016148","CERVIA, IT","44.224","12.307","5.5","2018-09",,,,,"3","5,S","3","5,S",,,,,,,"0","4,S","23","4,S","0","4,S",,,,,"0.28","5,,S,02,","84","4,S,22,+",,,,,"0.76","5,,,S",,,"78.5","4,,,S",,
"ITM00016148","CERVIA, IT","44.224","12.307","5.5","2018-12",,,,,,,,,,,,,,,"0","5,S","0","5,S","0","5,S",,,,,,,"62","5,S,09,",,,,,,,,,"45.9","5,,,S",,
"ITM00016148","CERVIA, IT","44.224","12.307","5.5","2019-01",,,,,,,,,,,,,,,"0","5,S","0","5,S","0","5,S",,,,,,,"60","5,S,16,",,,,,,,,,"46.4","5,,,S",,
"ITM00016008","S. VALENTINO ALLA MUTA, IT","46.75","10.533","1461.0","2018-01",,,,,,,,,"31",",",,,,,,,,,,,,,"71",",,S,23,",,,,,,,,,,,,,,,,
"ITM00016008","S. VALENTINO ALLA MUTA, IT","46.75","10.533","1461.0","2018-02",,,,,,,,,"26","2,",,,,,"14","4,S","0","4,S","0","4,S",,,"45","2,,S,04,+",,,"41","4,S,16,",,,,,,,,,"29.5","4,,,S",,
"ITM00016008","S. VALENTINO ALLA MUTA, IT","46.75","10.533","1461.0","2018-03",,,,,,,,,"30","1,",,,,,"5","5,S","0","5,S","0","5,S",,,"24","1,,S,02,",,,"46","5,S,28,",,,,,,,,,"36.2","5,,,S",,
"ITM00016008","S. VALENTINO ALLA MUTA, IT","46.75","10.533","1461.0","2018-04",,,,,"6","5,S","3","5,S",,,"0","4,S","5","4,S","0","2,S","1","2,S","0","2,S","24","4,S,02,",,,"0.17","5,,S,13,","70","2,S,21,",,,,,"0.55","5,,,S","45.5","6,S","54.9","2,,,S","36.2","4,,,S"
"ITM00016008","S. VALENTINO ALLA MUTA, IT","46.75","10.533","1461.0","2018-05",,,,,"14","3,S","4","3,S",,,,,,,"0","2,S","0","2,S","0","2,S",,,,,"0.20","3,,S,02,","69","2,S,26,+",,,,,"0.96","3,,,S",,,"58.6","2,,,S",,
"ITM00016008","S. VALENTINO ALLA MUTA, IT","46.75","10.533","1461.0","2018-06",,,,,"11","2,S","4","2,S",,,,,,,"0","3,S","6","3,S","0","3,S",,,,,"0.24","2,,S,07,","81","3,S,21,",,,,,"0.83","2,,,S",,,"67.5","3,,,S",,
"ITM00016008","S. VALENTINO ALLA MUTA, IT","46.75","10.533","1461.0","2018-07",,,"14","5,S","9","2,S","3","2,S",,,"0","3,S","0","3,S","0","2,S","20","2,S","0","2,S","48","3,S,12,",,,"0.83","2,,S,21,","83","2,S,31,+","67","S","67","2,S","1.74","2,,,S","63.2","5,S","73.1","2,,,S","53.3","3,,,S"
"ITM00016008","S. VALENTINO ALLA MUTA, IT","46.75","10.533","1461.0","2018-10",,,,,"5","5,S","3","5,S",,,,,,,,,,,,,,,,,"1.22","5,,S,28,",,,,,,,"2.77","5,,,S",,,,,,
"ITM00016008","S. VALENTINO ALLA MUTA, IT","46.75","10.533","1461.0","2018-12",,,,,"13","2,S","5","2,S","24","3,",,,,,"10","2,S","0","2,S","0","2,S",,,"14","3,,S,16,+","0.67","2,,S,24,","49","2,S,22,",,,,,"2.18","2,,,S",,,"36.0","2,,,S",,
"ITM00016008","S. VALENTINO ALLA MUTA, IT","46.75","10.533","1461.0","2019-01",,,,,,,,,"31",",",,,,,,,,,,,,,"25",",,S,14,",,,,,,,,,,,,,,,,
"ITM00016206","GROSSETO, IT","42.76","11.072","4.6","2018-02",,,,,"12","1,S","7","1,S",,,,,,,,,,,,,,,,,"1.34","1,,S,03,",,,,,,,"2.87","1,,,S",,,,,,
"ITM00016206","GROSSETO, IT","42.76","11.072","4.6","2018-03",,,,,"18",",S","11",",S",,,,,,,,,,,,,,,,,"0.51",",,S,03,",,,,,,,"3.06",",,,S",,,,,,
"ITM00016206","GROSSETO, IT","42.76","11.072","4.6","2018-04",,,,,"7","1,S","3","1,S",,,,,,,"0","5,S","17","5,S","0","5,S",,,,,"0.35","1,,S,09,+","80","5,S,19,",,,,,"0.96","1,,,S",,,"72.1","5,,,S",,
"ITM00016206","GROSSETO, IT","42.76","11.072","4.6","2018-05",,,,,"17","2,S","11","2,S",,,,,,,,,,,,,,,,,"0.59","2,,S,14,",,,,,,,"3.76","2,,,S",,,,,,
"ITM00016206","GROSSETO, IT","42.76","11.072","4.6","2018-06",,,,,"6","1,S","3","1,S",,,"0","4,S","0","4,S",,,,,,,"54","4,S,27,",,,"0.55","1,,S,13,",,,,,,,"1.35","1,,,S",,,,,"59.6","4,,,S"
"ITM00016206","GROSSETO, IT","42.76","11.072","4.6","2018-07",,,,,"2","4,S","2","4,S",,,,,,,,,,,,,,,,,"0.12","4,,S,23,+",,,,,,,"0.24","4,,,S",,,,,,
"ITM00016206","GROSSETO, IT","42.76","11.072","4.6","2018-08",,,,,"8",",S","3",",S",,,,,,,"0","4,S","27","4,S","13","4,S",,,,,"0.87",",,S,14,","101","4,S,01,",,,,,"1.50",",,,S",,,"89.9","4,,,S",,
"ITM00016206","GROSSETO, IT","42.76","11.072","4.6","2018-09",,,,,"4","4,S","1","4,S",,,,,,,,,,,,,,,,,"0.39","4,,S,19,",,,,,,,"0.52","4,,,S",,,,,,
"ITM00016206","GROSSETO, IT","42.76","11.072","4.6","2018-10",,,,,"9","2,S","6","2,S",,,,,,,"0","2,S","25","2,S","0","2,S",,,,,"0.94","2,,S,29,","82","2,S,20,",,,,,"3.30","2,,,S",,,"75.3","2,,,S",,
"ITM00016206","GROSSETO, IT","42.76","11.072","4.6","2018-12",,,,,"7",",S","3",",S",,,,,,,,,,,,,,,,,"1.30",",,S,01,",,,,,,,"2.13",",,,S",,,,,,
"ITM00016206","GROSSETO, IT","42.76","11.072","4.6","2019-01",,,,,"5","4,S","5","4,S",,,,,,,"0","4,S","0","4,S","0","4,S",,,,,"0.79","4,,S,30,","61","4,S,16,",,,,,"1.53","4,,,S",,,"54.1","4,,,S",,
"ITM00016546","DECIMOMANNU, IT","39.354","8.972","30.5","2018-01",,,,,"5","2,S","2","2,S",,,,,,,"0","3,S","0","3,S","0","3,S",,,,,"0.39","2,,S,11,","69","3,S,04,",,,,,"0.70","2,,,S",,,"63.3","3,,,S",,
"ITM00016546","DECIMOMANNU, IT","39.354","8.972","30.5","2018-02",,,,,"14","2,S","3","2,S",,,,,,,"0","4,S","0","4,S","0","4,S",,,,,"0.18","2,,S,20,","67","4,S,02,",,,,,"0.83","2,,,S",,,"57.3","4,,,S",,
"ITM00016546","DECIMOMANNU, IT","39.354","8.972","30.5","2018-03",,,,,"19","3,S","9","3,S",,,,,,,"0","2,S","5","2,S","0","2,S",,,,,"0.83","3,,S,25,","77","2,S,29,",,,,,"4.12","3,,,S",,,"64.3","2,,,S",,
"ITM00016546","DECIMOMANNU, IT","39.354","8.972","30.5","2018-06",,,,,"3","3,S","1","3,S",,,,,,,"0","5,S","25","5,S","5","5,S",,,,,"0.67","3,,S,24,","91","5,S,19,",,,,,"0.71","3,,,S",,,"85.4","5,,,S",,
"ITM00016546","DECIMOMANNU, IT","39.354","8.972","30.5","2018-07",,,,,,,,,,,"0","5,S","0","5,S",,,,,,,"64","5,S,01,",,,,,,,,,,,,,,,,,"69.5","5,,,S"
"ITM00016546","DECIMOMANNU, IT","39.354","8.972","30.5","2018-10",,,,,"13","5,S","10","5,S",,,,,,,"0","5,S","23","5,S","0","5,S",,,,,"3.31","5,,S,11,","81","5,S,12,",,,,,"8.08","5,,,S",,,"74.7","5,,,S",,
"ITM00016546","DECIMOMANNU, IT","39.354","8.972","30.5","2018-12",,,,,"3",",S","1",",S",,,,,,,"0","3,S","0","3,S","0","3,S",,,,,"0.28",",,S,14,","66","3,S,03,",,,,,"0.44",",,,S",,,"60.8","3,,,S",,
"ITM00016546","DECIMOMANNU, IT","39.354","8.972","30.5","2019-01",,,,,"12",",S","5",",S",,,,,,,"0","3,S","0","3,S","0","3,S",,,,,"0.94",",,S,21,","65","3,S,18,",,,,,"2.26",",,,S",,,"55.1","3,,,S",,
"ITM00016158","PISA, IT","43.684","10.393","1.8","2018-01",,,,,"11","1,S","4","1,S",,,,,,,"0","5,S","0","5,S","0","5,S",,,,,"0.43","1,,S,10,","63","5,S,08,",,,,,"1.17","1,,,S",,,"57.9","5,,,S",,
"ITM00016158","PISA, IT","43.684","10.393","1.8","2018-02",,,,,"13",",S","7",",S",,,,,,,"0","3,S","0","3,S","0","3,S",,,,,"0.83",",,S,18,+","60","3,S,24,",,,,,"2.95",",,,S",,,"51.0","3,,,S",,
"ITM00016158","PISA, IT","43.684","10.393","1.8","2018-03",,,,,"18",",S","15",",S",,,,,,,"0","3,S","0","3,S","0","3,S",,,,,"1.54",",,S,11,","67","3,S,30,",,,,,"7.06",",,,S",,,"57.0","3,,,S",,
"ITM00016158","PISA, IT","43.684","10.393","1.8","2018-04",,,,,"8",",S","6",",S",,,,,,,"0",",S","17",",S","0",",S",,,,,"0.55",",,S,04,","81",",S,21,",,,,,"2.28",",,,S",,,"70.2",",,,S",,
"ITM00016158","PISA, IT","43.684","10.393","1.8","2018-05",,,,,"16","1,S","9","1,S",,,,,,,"0","1,S","23","1,S","0","1,S",,,,,"0.83","1,,S,02,","85","1,S,27,",,,,,"3.76","1,,,S",,,"73.1","1,,,S",,
"ITM00016158","PISA, IT","43.684","10.393","1.8","2018-06",,,,,"6",",S","2",",S",,,,,,,"0","1,S","29","1,S","1","1,S",,,,,"0.20",",,S,25,","90","1,S,20,",,,,,"0.46",",,,S",,,"81.1","1,,,S",,
"ITM00016158","PISA, IT","43.684","10.393","1.8","2018-07",,,,,"5","1,S","4","1,S",,,,,,,"0","1,S","30","1,S","3","1,S",,,,,"0.39","1,,S,06,","95","1,S,31,",,,,,"1.18","1,,,S",,,"86.3","1,,,S",,
"ITM00016158","PISA, IT","43.684","10.393","1.8","2018-08",,,,,"5",",S","2",",S",,,,,,,"0","1,S","30","1,S","12","1,S",,,,,"1.26",",,S,14,","95","1,S,21,+",,,,,"1.46",",,,S",,,"89.5","1,,,S",,
"ITM00016158","PISA, IT","43.684","10.393","1.8","2018-09",,,,,"4","4,S","2","4,S",,,,,,,"0","4,S","26","4,S","0","4,S",,,,,"0.35","4,,S,01,","90","4,S,12,",,,,,"0.64","4,,,S",,,"82.0","4,,,S",,
"ITM00016158","PISA, IT","43.684","10.393","1.8","2018-10",,,,,"9","1,S","3","1,S",,,,,,,"0","2,S","26","2,S","0","2,S",,,,,"1.42","1,,S,29,","81","2,S,04,",,,,,"2.49","1,,,S",,,"75.6","2,,,S",,
"ITM00016158","PISA, IT","43.684","10.393","1.8","2018-12",,,,,"12",",S","5",",S",,,,,,,"0","3,S","0","3,S","0","3,S",,,,,"1.22",",,S,03,","63","3,S,10,",,,,,"2.63",",,,S",,,"56.0","3,,,S",,
"ITM00016158","PISA, IT","43.684","10.393","1.8","2019-01",,,,,"9",",S","4",",S",,,,,,,"0","3,S","0","3,S","0","3,S",,,,,"0.24",",,S,31,+","63","3,S,14,",,,,,"1.01",",,,S",,,"52.3","3,,,S",,
"ITM00016179","FRONTONE, IT","43.517","12.733","574.0","2018-01",,,,,"11","1,S","7","1,S",,,,,,,,,,,,,,,,,"0.39","1,,S,09,",,,,,,,"1.39","1,,,S",,,,,,
"ITM00016179","FRONTONE, IT","43.517","12.733","574.0","2018-02",,,,,"19","1,S","10","1,S",,,,,,,,,,,,,,,,,"1.69","1,,S,03,",,,,,,,"6.86","1,,,S",,,,,,
"ITM00016179","FRONTONE, IT","43.517","12.733","574.0","2018-03",,,,,"20","1,S","13","1,S",,,,,,,,,,,,,,,,,"0.87","1,,S,02,",,,,,,,"6.70","1,,,S",,,,,,
"ITM00016179","FRONTONE, IT","43.517","12.733","574.0","2018-04",,,,,"9",",S","4",",S",,,,,,,"0","4,S","10","4,S","0","4,S",,,,,"1.30",",,S,09,","81","4,S,23,",,,,,"2.27",",,,S",,,"66.6","4,,,S",,
"ITM00016179","FRONTONE, IT","43.517","12.733","574.0","2018-05",,,,,"16","2,S","9","2,S",,,,,,,,,,,,,,,,,"0.94","2,,S,10,",,,,,,,"4.06","2,,,S",,,,,,
"ITM00016179","FRONTONE, IT","43.517","12.733","574.0","2018-06",,,,,"9",",S","5",",S",,,,,,,"0","4,S","21","4,S","0","4,S",,,,,"0.83",",,S,08,","88","4,S,11,",,,,,"2.70",",,,S",,,"77.0","4,,,S",,
"ITM00016179","FRONTONE, IT","43.517","12.733","574.0","2018-07",,,,,"7","1,S","2","1,S",,,,,,,"0","1,S","30","1,S","3","1,S",,,,,"0.39","1,,S,17,","91","1,S,20,+",,,,,"0.87","1,,,S",,,"85.7","1,,,S",,
"ITM00016179","FRONTONE, IT","43.517","12.733","574.0","2018-08",,,,,"6","1,S","3","1,S",,,,,,,,,,,,,,,,,"1.13","1,,S,26,",,,,,,,"1.48","1,,,S",,,,,,
"ITM00016179","FRONTONE, IT","43.517","12.733","574.0","2018-09",,,,,"4","5,S","1","5,S",,,,,,,"0","5,S","20","5,S","0","5,S",,,,,"0.47","5,,S,02,","83","5,S,23,",,,,,"0.70","5,,,S",,,"75.0","5,,,S",,
"ITM00016179","FRONTONE, IT","43.517","12.733","574.0","2018-10",,,,,"9","4,S","8","4,S",,,,,,,"0","4,S","0","4,S","0","4,S",,,,,"1.14","4,,S,28,","69","4,S,24,",,,,,"3.99","4,,,S",,,"63.1","4,,,S",,
"ITM00016179","FRONTONE, IT","43.517","12.733","574.0","2018-12",,,,,"6","1,S","3","1,S",,,,,,,,,,,,,,,,,"0.65","1,,S,17,",,,,,,,"1.28","1,,,S",,,,,,
"ITM00016179","FRONTONE, IT","43.517","12.733","574.0","2019-01",,,,,"15","2,S","6","2,S",,,,,,,,,,,,,,,,,"0.60","2,,S,22,",,,,,,,"2.31","2,,,S",,,,,,
"ITM00016052","PIAN ROSA MTN TOP, IT","45.933","7.7","3488.0","2018-07",,,,,,,,,,,,,,,"0","3,S","0","3,S","0","3,S",,,,,,,"54","3,S,02,",,,,,,,,,"45.1","3,,,S",,
"SIE00115206","RATECE PLANICA, SI","46.5","13.7","864.0","2018-01","0","E","0",",E","13",",E","3",",E","31",",","0",",E","29",",E","1",",E","0",",E","0",",E","14",",E,22,","16",",,E,02,","1.49",",,E,09,","51",",E,29,","4127","E","1027",",E","3.23",",,,E","31.9",",E","39.9",",,,E","23.9",",,,E"
"SIE00115206","RATECE PLANICA, SI","46.5","13.7","864.0","2018-02","0","E","0",",E","17",",E","11",",E","28",",","2",",E","28",",E","14",",E","0",",E","0",",E","-6",",E,28,","33",",,E,25,+","2.26",",,E,01,","41",",E,16,","5254","E","1127",",E","5.80",",,,E","24.8",",E","31.5",",,,E","18.0",",,,E"
"SIE00115206","RATECE PLANICA, SI","46.5","13.7","864.0","2018-03","0","E","0",",E","15",",E","12",",E","31",",","0",",E","25",",E","2",",E","0",",E","0",",E","5",",E,01,","31",",,E,01,","1.13",",,E,30,","53",",E,28,","6220","E","966",",E","5.67",",,,E","33.9",",E","41.6",",,,E","26.0",",,,E"
"SIE00115206","RATECE PLANICA, SI","46.5","13.7","864.0","2018-04","0","E","0",",E","13",",E","6",",E",,,"0",",E","6",",E","0",",E","9",",E","0",",E","23",",E,02,",,,"0.92",",,E,12,","78",",E,22,","6642","E","422",",E","3.54",",,,E","50.9",",E","63.9",",,,E","38.0",",,,E"
"SIE00115206","RATECE PLANICA, SI","46.5","13.7","864.0","2018-05","0","E","0",",E","21",",E","11",",E",,,"0",",E","0",",E","0",",E","11",",E","0",",E","40",",E,01,",,,"0.72",",,E,04,","79",",E,31,","6895","E","253",",E","3.32",",,,E","56.8",",E","67.0",",,,E","46.7",",,,E"
"SIE00115206","RATECE PLANICA, SI","46.5","13.7","864.0","2018-06","17","E","17",",E","14",",E","11",",E",,,"0",",E","0",",E","0",",E","22",",E","0",",E","37",",E,23,",,,"0.97",",,E,05,","83",",E,11,","7008","E","112",",E","4.43",",,,E","61.8",",E","74.1",",,,E","49.5",",,,E"
"SIE00115206","RATECE PLANICA, SI","46.5","13.7","864.0","2018-07","52","E","35",",E","12",",E","8",",E",,,"0",",E","0",",E","0",",E","28",",E","0",",E","44",",E,08,",,,"0.98",",,E,12,","89",",E,31,","41","E","41",",E","4.12",",,,E","64.8",",E","76.9",",,,E","52.7",",,,E"
"SIE00115206","RATECE PLANICA, SI","46.5","13.7","864.0","2018-08","142","E","90",",E","9",",E","6",",E",,,"0",",E","0",",E","0",",E","28",",E","0",",E","35",",E,27,",,,"2.27",",,E,25,","89",",E,01,","103","E","62",",E","5.75",",,,E","65.9",",E","79.1",",,,E","52.7",",,,E"
"SIE00115206","RATECE PLANICA, SI","46.5","13.7","864.0","2018-09","142","E","0",",E","8",",E","6",",E",,,"0",",E","2",",E","0",",E","18",",E","0",",E","26",",E,26,",,,"1.33",",,E,01,","80",",E,10,","305","E","202",",E","3.24",",,,E","58.3",",E","70.1",",,,E","46.4",",,,E"
"SIE00115206","RATECE PLANICA, SI","46.5","13.7","864.0","2018-10","142","E","0",",E","10",",E","8",",E",,,"0",",E","1",",E","0",",E","0",",E","0",",E","30",",E,23,",,,"4.19",",,E,27,","68",",E,12,","765","E","460",",E","13.24",",,,E","50.1",",E","60.5",",,,E","39.8",",,,E"
"SIE00115206","RATECE PLANICA, SI","46.5","13.7","864.0","2018-11","142","E","0",",E","11",",E","9",",E",,,"0",",E","8",",E","4",",E","0",",E","0",",E","19",",E,29,",,,"1.68",",,E,01,","62",",E,12,","1510","E","744",",E","5.83",",,,E","40.2",",E","45.0",",,,E","35.4",",,,E"
"SIE00115206","RATECE PLANICA, SI","46.5","13.7","864.0","2018-12","142","E","0",",E","7",",E","2",",E",,,"0",",E","31",",E","6",",E","0",",E","0",",E","10",",E,16,",,,"0.34",",,E,07,","49",",E,07,+","2574","E","1064",",E","0.65",",,,E","30.6",",E","38.7",",,,E","22.6",",,,E"
"SIE00115206","RATECE PLANICA, SI","46.5","13.7","864.0","2019-01","0",,"0",",E","9",",E","6",",E",,,"0",",E","31",",E","12",",E","0",",E","0",",E","5",",E,26,",,,"0.94",",,E,27,","45",",E,14,","3788",,"1214",",E","2.41",",,,E","25.8",",E","34.2",",,,E","17.5",",,,E"
"ITM00016033","DOBBIACO, IT","46.733","12.217","1226.0","2018-01",,,,,,,,,"26","5,","0","1,S","30","1,S",,,,,,,"11","1,S,09,","25","5,,S,05,",,,,,,,,,,,,,,,"23.4","1,,,S"
"ITM00016033","DOBBIACO, IT","46.733","12.217","1226.0","2018-02",,,,,,,,,"28",",",,,,,,,,,,,,,"28",",,S,13,+",,,,,,,,,,,,,,,,
"ITM00016033","DOBBIACO, IT","46.733","12.217","1226.0","2018-03",,,,,,,,,"31",",","0","1,S","22","1,S",,,,,,,"6","1,S,01,","27",",,S,08,",,,,,,,,,,,,,,,"26.8","1,,,S"
"ITM00016033","DOBBIACO, IT","46.733","12.217","1226.0","2018-04",,,,,,,,,,,"0",",S","5",",S",,,,,,,"24",",S,02,",,,,,,,,,,,,,,,,,"37.2",",,,S"
"ITM00016033","DOBBIACO, IT","46.733","12.217","1226.0","2018-05",,,,,,,,,,,"0",",S","0",",S",,,,,,,"34",",S,01,",,,,,,,,,,,,,,,,,"45.1",",,,S"
"ITM00016033","DOBBIACO, IT","46.733","12.217","1226.0","2018-06",,,,,,,,,,,"0","1,S","0","1,S",,,,,,,"39","1,S,25,+",,,,,,,,,,,,,,,,,"48.2","1,,,S"
"ITM00016033","DOBBIACO, IT","46.733","12.217","1226.0","2018-07",,,"20","5,S",,,,,,,"0",",S","0",",S","0","5,S","23","5,S","0","5,S","46",",S,08,+",,,,,"86","5,S,31,","50","S","50","5,S",,,"63.6","5,S","74.6","5,,,S","52.7",",,,S"
"ITM00016033","DOBBIACO, IT","46.733","12.217","1226.0","2018-08",,,,,,,,,,,"0","1,S","0","1,S",,,,,,,"33","1,S,27,",,,,,,,,,,,,,,,,,"52.9","1,,,S"
"ITM00016033","DOBBIACO, IT","46.733","12.217","1226.0","2018-09",,,,,,,,,,,"0","4,S","2","4,S",,,,,,,"29","4,S,25,",,,,,,,,,,,,,,,,,"46.9","4,,,S"
"ITM00016033","DOBBIACO, IT","46.733","12.217","1226.0","2018-10",,,,,,,,,,,"0","2,S","3","2,S","0","4,S","0","4,S","0","4,S","29","2,S,23,",,,,,"64","4,S,12,",,,,,,,"47.8","6,S","57.1","4,,,S","38.5","2,,,S"
"ITM00016033","DOBBIACO, IT","46.733","12.217","1226.0","2018-12",,,,,,,,,"24","4,","0","3,S","25","3,S",,,,,,,"7","3,S,15,","4","4,,S,11,+",,,,,,,,,,,,,,,"22.1","3,,,S"
"ITM00016033","DOBBIACO, IT","46.733","12.217","1226.0","2019-01",,,,,,,,,"31",",","0","4,S","27","4,S",,,,,,,"5","4,S,25,+","12",",,S,30,+",,,,,,,,,,,,,,,"17.7","4,,,S"
"ITM00016253","GRAZZANISE, IT","41.061","14.082","8.8","2018-01",,,,,"10",",S","7",",S",,,,,,,"0","2,S","0","2,S","0","2,S",,,,,"0.59",",,S,17,","68","2,S,08,",,,,,"2.35",",,,S",,,"61.4","2,,,S",,
"ITM00016253","GRAZZANISE, IT","41.061","14.082","8.8","2018-02",,,,,"15","4,S","11","4,S",,,,,,,"0",",S","0",",S","0",",S",,,,,"1.54","4,,S,24,","63",",S,02,",,,,,"6.09","4,,,S",,,"53.7",",,,S",,
"ITM00016253","GRAZZANISE, IT","41.061","14.082","8.8","2018-03",,,,,"18",",S","13",",S",,,,,,,"0",",S","2",",S","0",",S",,,,,"0.94",",,S,18,","75",",S,11,",,,,,"6.50",",,,S",,,"60.9",",,,S",,
"ITM00016253","GRAZZANISE, IT","41.061","14.082","8.8","2018-04",,,,,"5",",S","2",",S",,,"0","5,S","0","5,S","0","2,S","21","2,S","0","2,S","39","5,S,02,",,,"0.51",",,S,01,","86","2,S,29,",,,,,"0.94",",,,S","62.4","7,S","74.0","2,,,S","50.8","5,,,S"
"ITM00016253","GRAZZANISE, IT","41.061","14.082","8.8","2018-05",,,,,"9","2,S","7","2,S",,,,,,,"0","3,S","25","3,S","1","3,S",,,,,"1.22","2,,S,08,","91","3,S,30,",,,,,"4.28","2,,,S",,,"76.8","3,,,S",,
"ITM00016253","GRAZZANISE, IT","41.061","14.082","8.8","2018-06",,,,,"6","2,S","5","2,S",,,"0","4,S","0","4,S",,,,,,,"59","4,S,15,",,,"0.79","2,,S,18,",,,,,,,"1.91","2,,,S",,,,,"63.7","4,,,S"
"ITM00016253","GRAZZANISE, IT","41.061","14.082","8.8","2018-07",,,,,"1","3,S","0","3,S",,,"0","4,S","0","4,S","0","5,S","26","5,S","14","5,S","62","4,S,09,",,,"0.01","3,,S,17,","95","5,S,30,+",,,,,"0.01","3,,,S","79.4","9,S","89.9","5,,,S","68.8","4,,,S"
"ITM00016253","GRAZZANISE, IT","41.061","14.082","8.8","2018-08",,,,,"10","3,S","7","3,S",,,,,,,"0","4,S","27","4,S","20","4,S",,,,,"2.17","3,,S,21,","98","4,S,04,",,,,,"5.56","3,,,S",,,"91.2","4,,,S",,
"ITM00016253","GRAZZANISE, IT","41.061","14.082","8.8","2018-09",,,,,"2","5,S","1","5,S",,,,,,,"0","4,S","26","4,S","1","4,S",,,,,"0.42","5,,S,01,","90","4,S,11,",,,,,"0.44","5,,,S",,,"84.4","4,,,S",,
"ITM00016253","GRAZZANISE, IT","41.061","14.082","8.8","2018-10",,,,,"8","3,S","7","3,S",,,,,,,,,,,,,,,,,"3.43","3,,S,01,",,,,,,,"7.37","3,,,S",,,,,,
"ITM00016253","GRAZZANISE, IT","41.061","14.082","8.8","2018-12",,,,,"9",",S","4",",S",,,,,,,"0","3,S","0","3,S","0","3,S",,,,,"0.71",",,S,17,","69","3,S,04,",,,,,"1.59",",,,S",,,"57.8","3,,,S",,
"ITM00016253","GRAZZANISE, IT","41.061","14.082","8.8","2019-01",,,,,"15",",S","11",",S",,,,,,,"0","1,S","0","1,S","0","1,S",,,,,"1.65",",,S,22,","59","1,S,18,",,,,,"6.50",",,,S",,,"51.7","1,,,S",,
"ITM00016098","ISTRANA, IT","45.685","12.083","41.8","2018-01",,,,,"6","2,S","4","2,S",,,,,,,"0","5,S","0","5,S","0","5,S",,,,,"0.52","2,,S,09,","56","5,S,08,",,,,,"1.38","2,,,S",,,"49.8","5,,,S",,
"ITM00016098","ISTRANA, IT","45.685","12.083","41.8","2018-02",,,,,"8","4,S","5","4,S",,,,,,,"0","1,S","0","1,S","0","1,S",,,,,"0.43","4,,S,02,","55","1,S,24,",,,,,"1.48","4,,,S",,,"46.0","1,,,S",,
"ITM00016098","ISTRANA, IT","45.685","12.083","41.8","2018-03",,,,,"18","1,S","9","1,S",,,,,,,"0","2,S","0","2,S","0","2,S",,,,,"1.01","1,,S,11,","62","2,S,27,",,,,,"4.41","1,,,S",,,"53.9","2,,,S",,
"ITM00016098","ISTRANA, IT","45.685","12.083","41.8","2018-04",,,,,"10","1,S","5","1,S",,,,,,,"0","4,S","14","4,S","0","4,S",,,,,"0.51","1,,S,12,","82","4,S,20,",,,,,"1.42","1,,,S",,,"70.5","4,,,S",,
"ITM00016098","ISTRANA, IT","45.685","12.083","41.8","2018-05",,,,,"12","4,S","4","4,S",,,,,,,"0","4,S","23","4,S","0","4,S",,,,,"1.26","4,,S,04,","88","4,S,30,+",,,,,"2.55","4,,,S",,,"78.0","4,,,S",,
"ITM00016098","ISTRANA, IT","45.685","12.083","41.8","2018-06",,,,,"11",",S","4",",S",,,,,,,"0","3,S","27","3,S","1","3,S",,,,,"0.61",",,S,07,","91","3,S,11,",,,,,"1.67",",,,S",,,"83.6","3,,,S",,
"ITM00016098","ISTRANA, IT","45.685","12.083","41.8","2018-07",,,,,"12","1,S","4","1,S",,,,,,,"0","2,S","29","2,S","4","2,S",,,,,"1.24","1,,S,15,","95","2,S,31,",,,,,"2.33","1,,,S",,,"87.0","2,,,S",,
"ITM00016098","ISTRANA, IT","45.685","12.083","41.8","2018-08",,,,,"9",",S","5",",S",,,,,,,"0","3,S","28","3,S","18","3,S",,,,,"1.13",",,S,26,","96","3,S,21,+",,,,,"3.10",",,,S",,,"89.7","3,,,S",,
"ITM00016098","ISTRANA, IT","45.685","12.083","41.8","2018-09",,,,,"5","4,S","3","4,S",,,,,,,,,,,,,,,,,"1.28","4,,S,02,",,,,,,,"1.90","4,,,S",,,,,,
"ITM00016098","ISTRANA, IT","45.685","12.083","41.8","2018-10",,,,,"10","1,S","7","1,S",,,,,,,,,,,,,,,,,"2.32","1,,S,29,",,,,,,,"5.26","1,,,S",,,,,,
"ITM00016098","ISTRANA, IT","45.685","12.083","41.8","2018-12",,,,,"3","1,S","2","1,S",,,,,,,"0","2,S","0","2,S","0","2,S",,,,,"0.39","1,,S,08,","58","2,S,04,",,,,,"0.64","1,,,S",,,"49.1","2,,,S",,
"ITM00016098","ISTRANA, IT","45.685","12.083","41.8","2019-01",,,,,"4","2,S","1","2,S",,,,,,,"0","4,S","0","4,S","0","4,S",,,,,"0.20","2,,S,18,","54","4,S,15,",,,,,"0.31","2,,,S",,,"46.3","4,,,S",,
"ITM00016252","CAMPOBASSO, IT","41.567","14.65","807.0","2018-01",,,,,"10",",S","4",",S",,,,,,,"0","4,S","0","4,S","0","4,S",,,,,"0.35",",,S,12,","60","4,S,08,",,,,,"0.95",",,,S",,,"51.2","4,,,S",,
"ITM00016252","CAMPOBASSO, IT","41.567","14.65","807.0","2018-02",,,,,"17","1,S","8","1,S",,,,,,,,,,,,,,,,,"0.87","1,,S,07,",,,,,,,"4.60","1,,,S",,,,,,
"ITM00016252","CAMPOBASSO, IT","41.567","14.65","807.0","2018-03",,,,,"21",",S","8",",S",,,,,,,"1","4,S","0","4,S","0","4,S",,,,,"0.71",",,S,05,","66","4,S,30,",,,,,"3.87",",,,S",,,"51.2","4,,,S",,
"ITM00016252","CAMPOBASSO, IT","41.567","14.65","807.0","2018-04",,,,,"8",",S","6",",S",,,,,,,"0","2,S","9","2,S","0","2,S",,,,,"0.43",",,S,29,","79","2,S,25,",,,,,"1.40",",,,S",,,"66.9","2,,,S",,
"ITM00016252","CAMPOBASSO, IT","41.567","14.65","807.0","2018-05",,,,,"17","1,S","14","1,S",,,,,,,"0","3,S","9","3,S","0","3,S",,,,,"2.13","1,,S,05,","82","3,S,31,",,,,,"9.48","1,,,S",,,"67.9","3,,,S",,
"ITM00016252","CAMPOBASSO, IT","41.567","14.65","807.0","2018-06",,,,,"10",",S","8",",S",,,,,,,"0",",S","21",",S","0",",S",,,,,"1.02",",,S,21,","86",",S,11,",,,,,"3.26",",,,S",,,"74.4",",,,S",,
"ITM00016252","CAMPOBASSO, IT","41.567","14.65","807.0","2018-07",,,,,"4","1,S","3","1,S",,,,,,,"0","5,S","26","5,S","0","5,S",,,,,"0.87","1,,S,23,","88","5,S,13,",,,,,"2.41","1,,,S",,,"81.5","5,,,S",,
"ITM00016252","CAMPOBASSO, IT","41.567","14.65","807.0","2018-08",,,,,"11",",S","7",",S",,,,,,,"0","3,S","25","3,S","0","3,S",,,,,"0.55",",,S,23,","89","3,S,11,+",,,,,"2.47",",,,S",,,"80.5","3,,,S",,
"ITM00016252","CAMPOBASSO, IT","41.567","14.65","807.0","2018-09",,,,,,,,,,,,,,,"0","5,S","19","5,S","0","5,S",,,,,,,"80","5,S,13,",,,,,,,,,"72.8","5,,,S",,
"ITM00016252","CAMPOBASSO, IT","41.567","14.65","807.0","2018-10",,,,,,,,,,,,,,,"0","5,S","1","5,S","0","5,S",,,,,,,"70","5,S,24,",,,,,,,,,"63.6","5,,,S",,
"ITM00016252","CAMPOBASSO, IT","41.567","14.65","807.0","2019-01",,,,,"20","2,S","10","2,S",,,,,,,,,,,,,,,,,"1.06","2,,S,22,",,,,,,,"3.79","2,,,S",,,,,,
"ITM00016450","ENNA, IT","37.567","14.283","965.0","2018-03",,,,,"10","5,S","5","5,S",,,,,,,,,,,,,,,,,"0.99","5,,S,05,",,,,,,,"2.62","5,,,S",,,,,,
"ITM00016450","ENNA, IT","37.567","14.283","965.0","2018-04",,,,,"7","2,S","3","2,S",,,,,,,"0","3,S","3","3,S","0","3,S",,,,,"0.39","2,,S,21,","72","3,S,30,",,,,,"1.07","2,,,S",,,"61.4","3,,,S",,
"ITM00016450","ENNA, IT","37.567","14.283","965.0","2018-05",,,"24","5,S","5","4,S","4","4,S",,,"0","2,S","0","2,S","0","3,S","10","3,S","0","3,S","42","2,S,03,",,,"0.71","4,,S,03,","79","3,S,31,",,,"124","3,S","1.50","4,,,S","61.1","5,S","68.3","3,,,S","53.7","2,,,S"
"ITM00016450","ENNA, IT","37.567","14.283","965.0","2018-06",,,"98","4,S","9","1,S","6","1,S",,,"0","3,S","0","3,S","0","1,S","23","1,S","0","1,S","53","3,S,25,",,,"1.18","1,,S,20,","87","1,S,11,",,,"31","1,S","3.38","1,,,S","67.5","4,S","74.5","1,,,S","60.5","3,,,S"
"ITM00016450","ENNA, IT","37.567","14.283","965.0","2018-07",,,"305","4,S","0","3,S","0","3,S",,,"0","2,S","0","2,S","0","2,S","29","2,S","3","2,S","61","2,S,08,",,,"0.00","3,,S,31,+","93","2,S,16,","0","S","0","2,S","0.00","3,,,S","76.4","4,S","84.7","2,,,S","68.1","2,,,S"
"ITM00016450","ENNA, IT","37.567","14.283","965.0","2018-08",,,,,"9","3,S","6","3,S",,,,,,,"0",",S","28",",S","1",",S",,,,,"1.46","3,,S,20,","91",",S,12,",,,,,"3.84","3,,,S",,,"78.1",",,,S",,
"ITM00016450","ENNA, IT","37.567","14.283","965.0","2018-09",,,,,,,,,,,,,,,"0","4,S","20","4,S","0","4,S",,,,,,,"82","4,S,07,+",,,,,,,,,"74.4","4,,,S",,
"ITM00016450","ENNA, IT","37.567","14.283","965.0","2018-10",,,,,,,,,,,"0","4,S","0","4,S","0","4,S","0","4,S","0","4,S","46","4,S,23,",,,,,"69","4,S,08,",,,,,,,"57.6","8,S","61.6","4,,,S","53.6","4,,,S"
"ITM00016450","ENNA, IT","37.567","14.283","965.0","2018-12",,,,,"6","5,S","3","5,S",,,,,,,"0",",S","0",",S","0",",S",,,,,"0.13","5,,S,13,","55",",S,03,",,,,,"0.51","5,,,S",,,"47.9",",,,S",,
